Radiology Sentence,Simplification in Stage2,Version,Stage1: You understand the meaning of the sentence.,Stage1: Can you guess the level of severity of the medical condition described in the sentence?,Stage1: Can you guess the medical urgency of the condition described in the sentence?,Stage1: Make your best guess about the severity of the described medical condition.,Stage2: You understand the meaning of the sentence.,Stage2: Can you guess the level of severity of the medical condition described in the sentence?,Stage2: Can you guess the medical urgency of the condition described in the sentence?,Stage2: Has the simplified sentence improved your understanding of the original sentence?,Stage2: Make your best guess about the severity of the described medical condition.,Stage3: Which simplifications do you like the most?,Stage3: Please provide your justification.,Stage3: Which simplifications do you like the least?,Stage3: Please provide your justification.
There are 2 hyperenhancing liver lesions.,There are two liver lesions that show enhanced activity.,Dummy_BS,Some parts of it,With low confidence,With low confidence,Serious,Most of it,With low confidence,With low confidence,It did not help,Serious,Dummy_SC,I am able to understand that 2 hyperactive liver lesions are abnormal and probably not good.,CoT_SC;CoT_BS,I do not know what bright spots in the liver indicate
"Few stable less than 5 mm hypodensities, too small to characterize, probably simple cysts.","There are a few tiny fluid-filled sacs, called cysts, that show up as lighter areas on the scan. These cysts are very small, measuring less than 5 mm.",Dummy_SC,Not at all,With low confidence,With low confidence,Mild,Completely,With low confidence,With low confidence,I understand much better,Mild,CoT_SC;CoT_BS,these simplifications let me understand the density and the potential harm level of the cysts,Dummy_SC,I dont really understand why the cysts appearing brighter on the scan is important and dont know what it means
Diffusely heterogeneously enhancing liver parenchyma.,The liver tissue shows widespread and varied enhancement.,Dummy_BS,Not at all,Not at all,Not at all,Moderate,Most of it,With low confidence,With low confidence,I understand much better,Serious,Dummy_BS,This sentence was the most readable and simple and helped me understand what is happening,CoT_BS;Dummy_SC;CoT_SC,"These sentences confused me more, especially simplification B "
"Focal perfusion defect posterior aspect, hepatic segment VI, likely a low grade laceration, measures approximately 1.2 cm in depth.","There is a small 1.2 cm deep laceration in the posterior aspect of hepatic segment VI, causing a focal perfusion defect.",Dummy_BS,Not at all,Not at all,Not at all,Mild,Some parts of it,Not at all,Not at all,I understand slightly better,Mild,Dummy_SC;CoT_SC;CoT_BS,I like this one the best because it laid out what is happening and why its an issue very simply but effectively,Dummy_BS,This one was worded too complexly and I didn't get what was happening
"Curvilinear perfusion defect within the inferior medial, aspect of the hepatic segment V, likely sequela of prior trauma or infection.","There is an abnormal curved area in the lower middle part of the liver, likely due to a past injury or infection.",CoT_BS,Not at all,Not at all,Not at all,Mild,Completely,With low confidence,With low confidence,I understand much better,Healthy,Dummy_SC;CoT_BS,these were both very simple and were easy to read,Dummy_BS;CoT_SC,these were also easy to read but I got confused by the
"Secretions are seen within the trachea, bronchus intermedius, and left mainstem bronchus. There are some impacted small airways bilaterally.","There is mucus in the windpipe and some blocked smaller airways on both sides of the lungs, including a specific branch on the left side.",Dummy_SC,Not at all,With low confidence,With low confidence,Moderate,Completely,With low confidence,With low confidence,I understand much better,Mild,Dummy_SC;CoT_BS,These ones were the most clear and concise ,CoT_SC,This one was still simpler to understand but the word 'secretions' stumped me
The enteric tube tip terminates within the proximal duodenum.,"The end of the feeding tube is placed in the upper part of the small intestine, which is connected to the stomach.",CoT_BS;CoT_SC,Not at all,With low confidence,Not at all,Moderate,Completely,With high confidence,With high confidence,I understand much better,Serious,CoT_BS;CoT_SC,This gives all the needed information in a clear way,Dummy_SC,it wasn't hard to understand but it didn't have all the information
The abdominal aorta is normal in course and caliber with mild aortoiliac atherosclerotic calcifications.,"The main blood vessel in the abdomen is in good shape and size, but there are some hardened cholesterol deposits in the arteries that supply blood to the pelvis and lower limbs.",CoT_BS,Some parts of it,With low confidence,With low confidence,Mild,Most of it,With low confidence,With low confidence,I understand much better,Mild,CoT_SC,It allows me to understand what is happening and also its severity level,Dummy_BS,I dont know some of the words so this is the hardest to conceptualize 
There is moderate body wall edema within the bilateral hip soft tissues.,The soft tissues around both hips show moderate swelling.,Dummy_SC,Some parts of it,Not at all,Not at all,Healthy,Completely,With low confidence,With low confidence,I understand much better,Moderate,Dummy_SC,this is the simplest and gets straight to the point,Dummy_BS,i dont know what body wall edema is so i dont understand
There is a 1.4 cm cyst at the right hepatic dome.,There's a 1.4 cm cyst at the top right of the liver.,Dummy_SC,Some parts of it,With low confidence,With low confidence,Moderate,Completely,With low confidence,With low confidence,I understand much better,Moderate,Dummy_BS,simplest and makes the most sense,CoT_BS;CoT_SC,gives oversimplification
"Scattered densely sclerotic bone islands are seen in the pelvic, likely benign.","Small, hard areas of bone are scattered throughout the pelvis, but they are likely harmless and not a cause for concern.",CoT_BS,Some parts of it,With high confidence,With high confidence,Mild,Most of it,With high confidence,With high confidence,I understand slightly better,Mild,CoT_BS,best simplest and most easy to read,Dummy_SC,dont know the big words used
Diffuse hepatic steatosis with some fatty sparing adjacent to the gallbladder fossa.,"The liver has widespread fat buildup, known as diffuse hepatic steatosis. However, there are some areas near the gallbladder that have less fat.",CoT_SC,Not at all,Not at all,Not at all,Moderate,Most of it,Not at all,With low confidence,I understand slightly better,Mild,Dummy_SC,this was the easiest to read but still dont know the severity level,CoT_BS,this one was the hardest to read
"Multiple nonobstructing left renal calculi, largest representative measuring 5 mm.","You have several small kidney stones in your left kidney, but they are not blocking anything. The biggest one is 5 mm in size.",CoT_BS;CoT_SC,Not at all,Not at all,Not at all,Moderate,Completely,With high confidence,With low confidence,I understand much better,Mild,CoT_BS;CoT_SC,simplest words and most information,Dummy_SC,i understand the words but not what it means for the body
Sigmoid colonic diverticula seen without evidence of diverticulitis.,Sigmoid colonic diverticula observed without diverticulitis.,Dummy_BS,Not at all,With low confidence,Not at all,Mild,Not at all,With low confidence,Not at all,It did not help,Mild,CoT_BS;CoT_SC,simplification D is the best with digestible words and explanations ,Dummy_SC,the wording barley changed
The psoas muscles are symmetric bilaterally.,The psoas muscles on both sides of your body are the same.,CoT_BS,Not at all,With low confidence,Not at all,Moderate,Most of it,With low confidence,With low confidence,I understand slightly better,Mild,CoT_SC,i understand what psoas muscles are here,CoT_BS;Dummy_SC,these two are basically worded the same
There are bilateral dependent hypoventilatory changes with subpleural atelectasis within the right middle and lower lobes.,"The right middle and lower lobes of your lungs show subpleural atelectasis, which means there are changes in how air moves. This condition affects both sides of your lungs.",Dummy_SC,Not at all,Not at all,Not at all,Serious,Most of it,With low confidence,With low confidence,I understand slightly better,Serious,CoT_BS;CoT_SC,here i understand what supleural atelectasis is,Dummy_BS,i still dont know half of these words
Multiple chronic appearing rib deformities bilaterally.,The ribs on both sides show multiple long-lasting abnormal changes in their shape.,CoT_SC,Some parts of it,With low confidence,Not at all,Moderate,Completely,With low confidence,Not at all,I understand slightly better,Mild,CoT_BS;Dummy_SC,most simple worded versions,Dummy_BS,
"Subcentimeter hypoattenuating lesions within the bilateral kidneys, which are too small to characterize.",The kidneys have very small abnormal areas that are too tiny to identify. They're present on both sides of the kidneys. Further evaluation is needed to understand what these areas might indicate.,CoT_SC,Some parts of it,With low confidence,Not at all,Mild,Completely,With low confidence,With low confidence,I understand much better,Moderate,CoT_SC,,Dummy_BS,
There is thickening of the appendix measuring 1.1 cm with appendicolith and surrounding inflammatory stranding.,The appendix has become thicker at a size of 1.1 cm and there is a hard mass called an appendicolith present. This has caused inflammation in the surrounding area.,Dummy_SC,Some parts of it,With low confidence,Not at all,Mild,Completely,With low confidence,With low confidence,I understand much better,Moderate,CoT_SC,,Dummy_BS,
Atrophic kidneys are noted bilaterally with multiple simple cysts.,Both kidneys have become smaller and show signs of damage. They also have multiple fluid-filled sacs called cysts.,CoT_SC,Not at all,Not at all,Not at all,Mild,Most of it,With low confidence,Not at all,I understand slightly better,Moderate,CoT_SC,,Dummy_BS,
"Nodular hepatic surface contour reflecting, changes of cirrhosis.",The liver's outer surface shows small bumps and changes caused by a condition called cirrhosis.,CoT_BS,Not at all,Not at all,Not at all,Serious,Completely,With low confidence,Not at all,I understand much better,Serious,Dummy_SC,,CoT_BS,
Partially visualized central pulmonary arteries are not dilated.,"The central pulmonary arteries are not enlarged, but the imaging only shows them partially.",Dummy_SC,Some parts of it,With low confidence,Not at all,Mild,Most of it,With low confidence,With low confidence,I understand slightly better,Mild,CoT_SC,,Dummy_SC,
There is mild pancreatic parenchymal atrophy without main duct dilation.,"The pancreas has mild atrophy, but the main duct is not dilated.",Dummy_BS,Not at all,With low confidence,Not at all,Mild,Most of it,With low confidence,Not at all,I understand slightly better,Mild,CoT_BS;CoT_SC,,Dummy_BS,
There is no intrahepatic or extra-hepatic biliary ductal dilatation.,No biliary ductal dilatation is present within or outside the liver.,Dummy_BS,Not at all,With low confidence,With low confidence,Healthy,Most of it,With low confidence,With low confidence,I understand slightly better,Healthy,CoT_BS;CoT_SC,,Dummy_BS,
Diastases rectus with a small fat-containing umbilical hernia.,"There is a small bulge near the belly button where the abdominal muscles are separated, and it contains some fatty tissue.",CoT_BS,Some parts of it,Not at all,Not at all,Mild,Most of it,With low confidence,Not at all,I understand slightly better,Mild,CoT_SC,,Dummy_BS,
The osseous structures are diffusely demineralized.,The bones have lost minerals and become weaker throughout the body.,CoT_BS,Some parts of it,With low confidence,Not at all,Moderate,Completely,With high confidence,With low confidence,I understand much better,Serious,CoT_SC;Dummy_SC;CoT_BS,,,
Mosaic perfusion at the lung bases with scattered areas of linear atelectasis.,"The lower parts of the lungs show irregular blood flow patterns, and there are scattered areas where parts of the lungs are not fully open.",Dummy_SC,Some parts of it,With low confidence,Not at all,Mild,Most of it,With high confidence,With low confidence,I understand much better,Serious,Dummy_BS;CoT_SC,,CoT_BS,
The pancreas is homogeneous in appearance without focal mass or main duct dilatation.,The pancreas appears uniform without any focal mass or dilation of the main duct.,Dummy_BS,Most of it,With low confidence,With low confidence,Healthy,Completely,With high confidence,With high confidence,I understand much better,Healthy,CoT_BS,,Dummy_SC,
No discrete space-occupying lesions or acute abnormality appreciated in the liver.,The liver does not show any noticeable tumors or immediate abnormalities.,Dummy_BS,Most of it,With high confidence,With low confidence,Healthy,Completely,With high confidence,With high confidence,I understand slightly better,Healthy,Dummy_SC;Dummy_BS,,CoT_BS,
There are metastatic bony lesions throughout the thorax.,The bones in the chest show widespread cancer spread.,Dummy_SC,Some parts of it,With low confidence,Not at all,Moderate,Completely,With high confidence,With high confidence,I understand much better,Critical,CoT_SC,,Dummy_BS,
Myomatous uterus.,"The patient has noncancerous growths in her uterus called fibroids, which are like small, harmless growths in the wall of the womb.",CoT_SC,Not at all,Not at all,Not at all,Moderate,Completely,With high confidence,With high confidence,I understand much better,Mild,CoT_SC,,Dummy_BS,
Status post hysterectomy.,"The person has had a surgery called a hysterectomy, which means their uterus has been removed.",CoT_SC,Most of it,With high confidence,With high confidence,Mild,Completely,With high confidence,With high confidence,I understand much better,Mild,Dummy_SC;Dummy_BS;CoT_BS;CoT_SC,,,
There is grade 1 anterolisthesis of L4 on L5.,The diagnosis indicates a mild condition where the fourth bone in the lower part of the spine is slipping slightly forward over the fifth bone. This finding suggests a relatively low level of severity.,CoT_SC,Not at all,With low confidence,With low confidence,Moderate,Completely,With high confidence,With low confidence,I understand slightly better,Mild,CoT_SC;Dummy_SC,,Dummy_BS,
There is an angiomyolipoma measuring 2 cm along the left renal upper pole.,"The radiologist found a growth called an angiomyolipoma in the upper part of the left kidney. It is not cancerous and measures 2 centimeters. This finding suggests a benign condition, but further evaluation may be needed to ensure everything is okay.",CoT_SC,Some parts of it,With low confidence,Not at all,Mild,Most of it,With high confidence,With high confidence,I understand much better,Healthy,CoT_BS;CoT_SC,,Dummy_BS;Dummy_SC,
There are air-fluid levels in dilated loops of small bowel.,There are pockets of air and fluid in enlarged sections of the small intestine.,CoT_BS,Some parts of it,With low confidence,With low confidence,Mild,Most of it,With low confidence,With low confidence,I understand slightly better,Mild,CoT_SC,,Dummy_BS,
There are enlarged celiac and retroperitoneal lymph nodes.,The lymph nodes in the celiac and retroperitoneal areas are enlarged.,Dummy_BS,Most of it,With low confidence,With low confidence,Mild,Most of it,With low confidence,With low confidence,It did not help,Mild,CoT_SC,,Dummy_BS,
Diffuse decreased attenuation which can be seen with fatty infiltration.,Fatty infiltration makes it harder to see clearly on imaging due to decreased visibility.,Dummy_SC,Not at all,With low confidence,Not at all,Mild,Most of it,With low confidence,With low confidence,I understand slightly better,Moderate,CoT_SC,,Dummy_BS,
There is a moderate sized left fat-containing inguinal hernia.,You have a hernia on the left side that contains a moderate amount of fat.,Dummy_SC,Most of it,With low confidence,With low confidence,Moderate,Completely,With low confidence,With low confidence,I understand slightly better,Moderate,Dummy_BS,,Dummy_SC,
Small calcified granulomata in the left hepatic lobe.,Small areas of hardened tissue in the left part of the liver. These areas may be the result of past infections or inflammation.,Dummy_SC,Not at all,With low confidence,With low confidence,Mild,Completely,With low confidence,With low confidence,I understand slightly better,Mild,CoT_SC;Dummy_SC,,Dummy_BS,
Diffuse hepatic steatosis.,Fatty liver.,Dummy_BS,Not at all,Not at all,Not at all,Moderate,Completely,With low confidence,With low confidence,I understand slightly better,Mild,CoT_SC;CoT_BS,,Dummy_BS,